Division,Sales,Gross Profit,Units,Gross Margin %,Profit per Unit
Chocolate,131692.9,88824.62000000001,37275,0.6744829827576126,2.3829542588866537
Other,9663.25,4333.45,1242,0.44844643365327397,3.4890901771336553
Sugar,427.48,284.73,137,0.6660662487133902,2.0783211678832116
